theta,x
0.499698947,122
0.681328343,124
0.519174751,385
,253
,260
,242
,287
,133
,145
,122
,189
,135
,494
,188
,285
,347
,278
,115
,233
,330
,301
,208
,479
,138
,107
,498
,184
,226
,290
,442
,361
,309
,199
,111
,307
,264
,457
,178
,313
,422
,471
,385
,429
,498
,481
,254
,253
,291
,216
,290
